,review,stars
0,"Se adquiri√≥ a un precio de 24 pesos la pieza, el m√°s bajo al momento de la compra comparado contra supermercados y tiendas mayoristas. Pens√© haber hecho una excelente compra del producto y tenerlo de reserva para uso personal en casa pero al llevar observe que ven√≠an con una cinta transparente en la tapa del envase lo que asum√≠ fue por seguridad y prevenir derrames del aceite, aunque las tapas de esa marca son seguras .. al cabo del tiempo en la alacena una botella se ladeo quedando horizontal y no se le dio importancia, no se cay√≥ ni golpeo. pero al siguiente d√≠a observamso uan mancha en el piso, era la botella ladeada que conservaba la cinta de plastico, revisamos los demas productos restantes y todos tenia fuga de aceite en la tapa. MALA CALIDAD DE LOS SELLOS",2
0,"Tenia miedo de que llegaran derramados pero tra√≠an protecci√≥n en las tapas, as√≠ que todo estuvo perfecto. Con promoci√≥n aplicada me sali√≥ en 23.75 cada uno, m√°s barato que en los centros comerciales y en la puerta de mi casa.S√∫per recomendado",5
0,"Buen precio, buena calidad, entrega r√°pida, no hay mucho que describir de este aceite pues es muy conocido, el precio aqu√≠ es el adecuado $25 aprox. que es el precio al que est√° en casi todas partes, pero mejora al combinar la promoci√≥n Amazon super y Prime (10 art√≠culos - 10%), sin duda si mantiene su precio comprar√© de nuevo, el √∫nico pero que le pongo es que en alguna parte de la cadena de manejo, golpean las botellas y llegan abolladas, aunque afortunadamente ninguna rota ni con fugas.",4
0,"S√∫per bien mi pedido fueron varios art√≠culos pero la paqueter√≠a muy mal mi caja lleg√≥ golpeada y en mal estado provocando que llegaran algunas cajas da√±adas, los productos s√∫per bien y las ofertas igual",4
0,"Es el aceite que uso de casi toda la vida, y siempre me ha parecido de una buena calidad, por el precio que tiene pues lo vale por que me lo trajeron hasta la puerta de mi casa, as√≠ que si quieres unas gorritas este podr√≠a ser tu aceite jejej.",4
0,"Excelente producto y precio, el mejor del mercado, el detalle es al recibir el pedido con otra empresa que no sea DHL porque no tienen precauci√≥n al estibar el producto mi √∫ltimo pedido lleg√≥ sin bolsas de aire protectora y con los embases golpeados, la caja la entregaron de forma horizontal cuando las indicaciones dicen que lado debe ir hacia arriba. La observaci√≥n ser√≠a mejorar el sistema de entrega con paqueteria responsable üëäüèº",5
0,"Ten√≠a dudas en la compra, por que hab√≠a visto que a varios usuarios les hab√≠an llegado con derrames, pero afortunadamente no fue mi caso.Las botellas ten√≠an una especie de pl√°stico para evitar derrames, lo cual se agradece enormemente.Rapidez en ella entrega y a√∫n mejor el precio. Recomendado 100%",5
0,Excelente embalaje. No trae derrames ni abolladuras. El producto coincide con el solicitado y trae una caducidad extendida. Ped√≠ en julio 2020 y caduca en marzo de 2022. Buena compra,5
0,Honestamente lo compr√© en un acto de desesperaci√≥n por la pandemia. Es un buen aceite pero prefiero otros para cocinar. Este lo he utilizado para fre√≠r y tambi√©n para prender el asador.,4
0,Aceite de uso normal para cocinar todo tipo de comida aunque solo es mejor el de Oleico o de olivo este ten√≠a promoci√≥n.,5
0,"Durante mucho tiempo he utilizado esta marca de Aceite Capullo para preparar mis alimentos y hasta la fecha la seguir√© utilizando, me gusta su sabor y la forma en que quedan guisados los alimentos que he realizado con el, como son desde: Huevos, Tocino, Cecina, Carne de res, etc., los cuales quedan cocidos perfectamente con la utilizaci√≥n de un poco de aceite.",5
0,"Lleg√≥ en perfecto estado, es la misma calidad que encuentras en el supermercado; sin salir de casa y hasta a un mejor precio.",5
0,"Buen producto en cuanto a calidad y precio, y es que lo eh encontrado en oferta por lo que es mas atractivo comprar por amazon y con prime que ir al super. y en esta cuarentena realmente vali√≥ la pena el servicio de amazon.",5
0,El paquete llego horrible todo aplastado parece que no pueden tener cuidado una verdadera porqueria todo lleno de aceite toda la caja deforme emplayada de que se les cayo y se empezo a regar el aceite todo esta maltratado,1
0,Excelente Producto.Actualmente por la contingencia y aprovechando la membres√≠a prime. Al ya no tener de este aceite en el supermercado o las tienditas. El precio es excelente.,5
0,"Primero dudaba en comprarlo porque pens√© que iba a llegar roto o maltratado, pero para mi sorpresa venia muy bien protegido, el sabor de capullo es muy tradicional, lo he usado desde siempre y lo mejor de todo es que lo encontr√© de oferta.",5
0,Me encanta hacer el super de los mismos productos pero con envio a mi domicilio,5
0,"Entrega en tiempo. Ped√≠ 3 aceites y uno venia roto, el problema es que ven√≠a con m√°s cosas que ped√≠ de Amazon y corr√≠a el riesgo de da√±arse o incluso da√±arse la misma caja de cart√≥n. Sugiero un mejor empaque para esos productos l√≠quidos. En general, bien relacion precio!",4
0,"El aceite es como el del super con la comodidad de que te llegue a la casa, ahora que no dan bolsa en el super y cargar es un problema.",5
0,"Aceite muy aceitoso. Cumple muy bien con su finalidad, el olor es m√≠nimo as√≠ como su sabor que deja en los alimentos.",5
0,"***Env√≠o***El producto lleg√≥ en un d√≠a y bien empacado, estaba envuelto en papel burbuja para evitar da√±os***Producto***Este vinagre es una marca premium si consideramos el precio vs otras marcas qu√© hay en el mercado como ‚ÄúDe Nigris‚Äù. Cuesta lo mismo en Amazon que en Wal Mart pero sin tener que pagar env√≠o, lo cual es una ventaja.La ventaja de este tipo de vinagre es que tiene ‚Äúmother‚Äù a diferencia del vinagre convencional.***Beneficios***Mi esposa lleva tom√°ndolo como 6 meses y ha notado muy buenos resultados en este tiempo.Uno de los principales beneficios de tomarlo diario es que te ayuda a desinflamar el est√≥mago, ya que contiene mother, lo cual son mol√©culas de √°cidos org√°nicos y enzimas que ayudan al proceso digestivo.***Recomendaciones de Uso***De acuerdo a las indicaciones de una nutri√≥loga este vinagre lo debes de diluir en medio litro de agua por cada dos tapas de vinagre, es muy importante diluirlo ya que de lo contrar√≠o te puede ocasionar da√±o org√°nico y agruras. Adicional se recomienda tomarlo con Popote para evitar que Toque los dientes, ya que puede da√±ar el esmalte.Se puede tomar hasta tres veces al d√≠a de acuerdo al envase pero la recomendaci√≥n de la nutri√≥loga es solamente una al d√≠a, t√≥menlo en cuenta.En conclusi√≥n es muy recomendable para acompa√±arlo de una buena dieta, ya que no es muy rico que digamos tomarte vasos de este vinagre pero vale la pena por los resultados.",5
0,"Yo lo utilizo para tomarlo en ayunas, su sabor no es nada agradable pero funciona a la perfecci√≥n y es la marca a la cual le tengo m√°s confianza. Me gusta que sea org√°nico y que venga con ""madre"" ya que contiene todos los probi√≥ticos necesarios.",5
0,"Es un envase de vidrio y no tuvieron cautela al manejarlo porque la botella llego rota y me dieron la caja empapada, me enojo muchisimo porque me lo mandaron con otros productos que habia pedido y se mojo todo.Si lo van a pedir pidanlo solo.",1
0,"Me gusta tomar vinagre de manzana en ayunas disuelto en un vaso con agua, no soy muy fan del sabor pero lo tomo por los beneficios, ayuda con la inflamaci√≥n, es buena fuente de probi√≥ticos, mata algunos tipos de bacterias, disminuye los niveles de az√∫car en la sangre, me hace sentir m√°s ligera, la calidad es muy buena, adem√°s de que es org√°nico y viene con la madre, es mi marca favorita. Lleg√≥ en perfecto estado, s√∫per protegido.",5
0,"No tiene un sabor fuerte compar√°ndolo con las marcas mas comerciales. En lo personal lo tomo en ayunas, una cucharada con el jugo de un lim√≥n mezclado con agua helada (1 vaso).Seguramente es la combinaci√≥n, pero he notado que me ha ayudado a bajar de peso, en lo personal aunque hac√¨a ejercicio ya no bajaba, estaba estancado, al empezar a tomarlo he bajado 2 tallas, mi digesti√≥n ha mejorado much√≠simo.",5
0,Buen precio. Llego en perfectas condiciones. Yo lo uso en las mananas en una tasa de jengibre con lim√≥n y vinagre para bajar la inflamaci√≥n del estomago. Claro el sabor y olor es super fuerte pero es obvio es vinagre.,5
0,Tomo una cucharada en ayunas en un vaso de agua. A mi no me gusta el sabor pero los beneficios son muchos :) lo recomiendo ampliamente.,5
0,Me agrada esta marca ya que algunas recetas que necesitan vinagre pero tambi√©n tiene un sabor dulce entonces deja un sabor basten exquisito a los platillos sobre todos sin son en fr√≠os,5
0,Duden de los vinagres que cambian de sabor a la semana de abrirlos o si la madre no se precipita al fondo de la botella como otras marcas. √âsta marca es org√°nica y muy buena.,5
0,"Me gusto el tama√±o, es un poco incomodo a la hora de servirlo porque se derrama pero las funciones son magnificas para el organismo no sabe feo, es un ligero sabor a sidra. Muy recomendable.",5
0,"Son aceites super mini, realmente no se quien usa un aceite de ese tama√±o parece de bolsillo, fue mi error ya que no puse atenci√≥n a la cantidad de 400 ml , pero ya en retrospectiva me pareci√≥ que estaban super caros en comparaci√≥n con el tama√±o.",3
0,"Esta version peque√±a no rinde, no entiendo por que no ofrecen la verdion mas grande, a mi que me gusta hacer mi compra aqui no me agrada tanto tenee que comprar esta version.",4
0,"Producto comercial, igual que el de las tiendas de autoservicios. La caducidad es aceptable, y lleg√≥ bien empacado.",4
0,Excelente producto y ven√≠a bien empacado sin derrames,5
0,"El producto es bueno, el √∫nico detalle fue de paqueter√≠a, que un aceite lleg√≥ abierto",4
0,Muy buena relaci√≥n calidad - precio,5
0,El producto llego a tiempo y bien empacado,5
0,"es bueno, llego en tiempo y bien protegido",4
0,LLEGARON BIEN Y EN TIEMPO,5
0,No lleg√≥ a tiempo pero lleg√≥,5
